index,year,month,day,extent_north,extent_south,date,temp,temp_uncertainity
0,1980,1,1,14.861875,4.562,1980-01-01,2.956,0.087
1,1980,2,1,15.9551428571,2.81835714286,1980-02-01,3.652,0.099
2,1980,3,1,16.0413125,3.294875,1980-03-01,5.367,0.103
3,1980,4,1,15.4290666667,5.405,1980-04-01,8.935,0.106
4,1980,5,1,13.7926,8.85666666667,1980-05-01,11.77,0.089
5,1980,6,1,12.2046,12.4902666667,1980-06-01,13.582,0.134
6,1980,7,1,10.1000625,15.5644375,1980-07-01,14.742,0.144
7,1980,8,1,7.98426666667,17.8056,1980-08-01,14.189,0.221
8,1980,9,1,7.66706666667,18.8172666667,1980-09-01,12.321,0.08
9,1980,10,1,9.18275,18.567875,1980-10-01,9.55,0.064
10,1980,11,1,11.3828666667,16.1331333333,1980-11-01,6.684,0.094
11,1980,12,1,13.5929333333,10.1558666667,1980-12-01,4.016,0.059
12,1981,1,1,14.9096875,4.411875,1981-01-01,3.785,0.121
13,1981,2,1,15.6040714286,2.8735,1981-02-01,4.021,0.139
14,1981,3,1,15.6315333333,3.39153333333,1981-03-01,6.239,0.035
15,1981,4,1,15.0099333333,5.83846666667,1981-04-01,8.953,0.08
16,1981,5,1,13.801625,9.354625,1981-05-01,11.565,0.084
17,1981,6,1,12.4297333333,13.1085333333,1981-06-01,13.765,0.122
18,1981,7,1,10.271,16.0387333333,1981-07-01,14.738,0.082
19,1981,8,1,7.8443125,17.7365,1981-08-01,14.502,0.099
20,1981,9,1,7.13846666667,18.5964666667,1981-09-01,12.236,0.118
21,1981,10,1,8.85626666667,18.2937333333,1981-10-01,9.394,0.059
22,1981,11,1,10.929,16.1113333333,1981-11-01,6.273,0.058
23,1981,12,1,13.341125,10.8948125,1981-12-01,4.519,0.05
24,1982,1,1,15.1767333333,5.26006666667,1982-01-01,2.558,0.08
25,1982,2,1,15.9735,3.1285,1982-02-01,3.281,0.077
26,1982,3,1,16.043875,4.2878125,1982-03-01,4.873,0.087
27,1982,4,1,15.466,7.72293333333,1982-04-01,8.465,0.093
28,1982,5,1,13.9732,10.7583333333,1982-05-01,11.348,0.09
29,1982,6,1,12.4760666667,13.4167333333,1982-06-01,13.245,0.071
30,1982,7,1,10.3670625,15.8721875,1982-07-01,14.545,0.073
31,1982,8,1,8.13953333333,17.7892,1982-08-01,13.796,0.067
32,1982,9,1,7.30173333333,18.3534666667,1982-09-01,12.039,0.067
33,1982,10,1,9.4210625,17.788375,1982-10-01,9.232,0.066
34,1982,11,1,11.6274666667,15.5366,1982-11-01,5.961,0.111
35,1982,12,1,13.6418,9.21566666667,1982-12-01,4.327,0.11
36,1983,1,1,14.9424375,4.7705,1983-01-01,3.445,0.115
37,1983,2,1,16.0061428571,3.07028571429,1983-02-01,3.814,0.173
38,1983,3,1,16.0852666667,4.01566666667,1983-03-01,5.699,0.09
39,1983,4,1,15.1720666667,6.4704,1983-04-01,8.693,0.05
40,1983,5,1,13.4913125,9.526,1983-05-01,11.729,0.106
41,1983,6,1,12.2956666667,12.6426,1983-06-01,13.478,0.124
42,1983,7,1,10.5702666667,15.4666666667,1983-07-01,14.408,0.07
43,1983,8,1,8.185875,17.2508125,1983-08-01,14.302,0.061
44,1983,9,1,7.3946,18.5852,1983-09-01,12.698,0.098
45,1983,10,1,9.33406666667,17.9153333333,1983-10-01,9.478,0.096
46,1983,11,1,11.461,16.0142,1983-11-01,6.765,0.091
47,1983,12,1,13.2984375,10.393875,1983-12-01,3.829,0.054
48,1984,1,1,14.4732666667,4.77866666667,1984-01-01,2.941,0.081
49,1984,2,1,15.2989333333,2.67726666667,1984-02-01,3.093,0.101
50,1984,3,1,15.5842,3.61233333333,1984-03-01,5.671,0.084
51,1984,4,1,15.0144666667,6.422,1984-04-01,8.432,0.163
52,1984,5,1,13.5766875,9.7484375,1984-05-01,11.976,0.061
53,1984,6,1,12.1516666667,13.2304666667,1984-06-01,13.387,0.191
54,1984,7,1,9.97753333333,16.3948666667,1984-07-01,14.429,0.137
55,1984,8,1,7.7710625,17.9276875,1984-08-01,13.984,0.085
56,1984,9,1,6.8052,18.1714666667,1984-09-01,12.015,0.074
57,1984,10,1,8.5606,17.5726,1984-10-01,9.378,0.082
58,1984,11,1,10.8415333333,16.134,1984-11-01,5.811,0.106
59,1984,12,1,12.9894375,10.473,1984-12-01,3.185,0.066
60,1985,1,1,14.7248666667,4.4554,1985-01-01,3.01,0.082
61,1985,2,1,15.4657142857,2.83642857143,1985-02-01,2.704,0.085
62,1985,3,1,15.8859375,3.7171875,1985-03-01,5.451,0.06
63,1985,4,1,15.3565333333,6.4932,1985-04-01,8.633,0.085
64,1985,5,1,14.0734,10.1528,1985-05-01,11.426,0.066
65,1985,6,1,12.2190666667,13.4285333333,1985-06-01,13.569,0.187
66,1985,7,1,9.7445625,15.7209375,1985-07-01,13.973,0.087
67,1985,8,1,7.40186666667,17.6322,1985-08-01,14.059,0.087
68,1985,9,1,6.69766666667,18.7032,1985-09-01,11.98,0.08
69,1985,10,1,8.5459375,18.2044375,1985-10-01,9.338,0.089
70,1985,11,1,11.0245333333,16.1402,1985-11-01,5.968,0.104
71,1985,12,1,13.0499333333,11.3522,1985-12-01,3.785,0.107
72,1986,1,1,14.889625,5.42225,1986-01-01,3.315,0.117
73,1986,2,1,15.7848571429,3.19314285714,1986-02-01,3.991,0.113
74,1986,3,1,15.9094666667,3.6984,1986-03-01,5.755,0.048
75,1986,4,1,15.0588,6.38553333333,1986-04-01,8.871,0.086
76,1986,5,1,13.3795625,9.295625,1986-05-01,11.581,0.066
77,1986,6,1,11.9759333333,12.687,1986-06-01,13.439,0.06
78,1986,7,1,10.1464666667,15.3168,1986-07-01,14.293,0.06
79,1986,8,1,7.9795625,16.9988125,1986-08-01,13.972,0.059
80,1986,9,1,7.41066666667,17.6831333333,1986-09-01,11.817,0.143
81,1986,10,1,9.48393333333,17.1837333333,1986-10-01,9.299,0.096
82,1986,11,1,11.4532666667,15.0066,1986-11-01,5.919,0.1
83,1986,12,1,13.2224375,9.6539375,1986-12-01,3.751,0.072
84,1987,1,1,14.9698,5.126,1987-01-01,3.139,0.115
85,1987,2,1,16.0501428571,3.25371428571,1987-02-01,4.134,0.091
86,1987,3,1,15.8159375,4.11275,1987-03-01,5.245,0.076
87,1987,4,1,15.2108666667,6.79693333333,1987-04-01,8.595,0.078
88,1987,5,1,13.7429333333,9.69406666667,1987-05-01,11.525,0.065
89,1987,6,1,12.4856666667,12.6843333333,1987-06-01,13.927,0.068
90,1987,7,1,10.3325625,15.7515625,1987-07-01,14.89,0.144
91,1987,8,1,7.4999047619,17.6614285714,1987-08-01,13.896,0.127
92,1987,9,1,7.2787,18.2460666667,1987-09-01,12.447,0.075
93,1987,10,1,9.04877419355,17.6740967742,1987-10-01,9.59,0.077
94,1987,11,1,11.2240333333,15.5841,1987-11-01,6.056,0.052
95,1987,12,1,12.5405,13.379,1987-12-01,4.489,0.054
96,1988,1,1,15.0904736842,3.81715789474,1988-01-01,3.454,0.07
97,1988,2,1,15.5833793103,2.88568965517,1988-02-01,3.422,0.095
98,1988,3,1,15.9572258065,3.96619354839,1988-03-01,5.931,0.085
99,1988,4,1,15.1233333333,6.2874,1988-04-01,8.992,0.066
100,1988,5,1,13.5608709677,9.60229032258,1988-05-01,11.852,0.091
101,1988,6,1,11.9434333333,13.0928,1988-06-01,14.099,0.098
102,1988,7,1,9.80867741935,15.7486774194,1988-07-01,14.798,0.068
103,1988,8,1,7.89158064516,17.561,1988-08-01,14.553,0.122
104,1988,9,1,7.369,18.3072,1988-09-01,12.681,0.072
105,1988,10,1,9.13503225806,18.3610322581,1988-10-01,9.979,0.062
106,1988,11,1,11.3308333333,16.1476666667,1988-11-01,6.295,0.074
107,1988,12,1,13.6255483871,11.0606129032,1988-12-01,4.363,0.058
108,1989,1,1,14.9548064516,4.73680645161,1989-01-01,2.71,0.108
109,1989,2,1,15.4955357143,2.97760714286,1989-02-01,3.627,0.095
110,1989,3,1,15.4232903226,3.92729032258,1989-03-01,5.792,0.099
111,1989,4,1,14.3284,6.30626666667,1989-04-01,8.689,0.104
112,1989,5,1,13.0441290323,10.2971612903,1989-05-01,11.28,0.094
113,1989,6,1,12.2445333333,13.5804333333,1989-06-01,13.447,0.126
114,1989,7,1,10.1297096774,15.7105806452,1989-07-01,14.612,0.084
115,1989,8,1,7.88177419355,17.4656451613,1989-08-01,14.135,0.064
116,1989,9,1,7.00833333333,18.1210666667,1989-09-01,12.403,0.101
117,1989,10,1,8.82890322581,17.8560967742,1989-10-01,9.76,0.061
118,1989,11,1,11.1152333333,15.7334333333,1989-11-01,6.179,0.06
119,1989,12,1,13.3868064516,9.83751612903,1989-12-01,4.43,0.06
120,1990,1,1,14.7826129032,4.86738709677,1990-01-01,3.243,0.09
121,1990,2,1,15.5782142857,3.03617857143,1990-02-01,3.643,0.087
122,1990,3,1,15.8667419355,3.96596774194,1990-03-01,6.73,0.099
123,1990,4,1,14.6500666667,6.99986666667,1990-04-01,9.169,0.059
124,1990,5,1,13.2258387097,9.7154516129,1990-05-01,11.831,0.071
125,1990,6,1,11.6405666667,13.0829,1990-06-01,13.893,0.087
126,1990,7,1,9.24661290323,15.5709354839,1990-07-01,14.784,0.14
127,1990,8,1,6.79748387097,17.5674516129,1990-08-01,14.095,0.05
128,1990,9,1,6.1428,18.193,1990-09-01,12.195,0.106
129,1990,10,1,8.48493548387,17.9453225806,1990-10-01,9.882,0.036
130,1990,11,1,11.0752,15.4683,1990-11-01,6.92,0.132
131,1990,12,1,13.1055483871,9.95351612903,1990-12-01,4.425,0.079
132,1991,1,1,14.3638064516,5.33825806452,1991-01-01,3.195,0.066
133,1991,2,1,15.2493928571,3.16110714286,1991-02-01,4.044,0.087
134,1991,3,1,15.4161290323,3.80683870968,1991-03-01,5.574,0.076
135,1991,4,1,14.8597333333,7.05346666667,1991-04-01,9.226,0.04
136,1991,5,1,13.4731290323,10.2794516129,1991-05-01,11.616,0.062
137,1991,6,1,12.1080333333,13.0656666667,1991-06-01,14.263,0.074
138,1991,7,1,9.51403225806,15.5504193548,1991-07-01,14.987,0.055
139,1991,8,1,7.41535483871,17.7189677419,1991-08-01,14.319,0.057
140,1991,9,1,6.4729,18.3126,1991-09-01,12.677,0.053
141,1991,10,1,8.54141935484,17.9172903226,1991-10-01,9.753,0.064
142,1991,11,1,10.8846,15.5835333333,1991-11-01,6.44,0.07
143,1991,12,1,12.9450967742,10.1923225806,1991-12-01,4.059,0.041
144,1992,1,1,14.6426774194,4.74887096774,1992-01-01,3.579,0.084
145,1992,2,1,15.4621034483,2.83737931034,1992-02-01,3.931,0.148
146,1992,3,1,15.4811290323,3.57329032258,1992-03-01,5.952,0.069
147,1992,4,1,14.6769,6.7941,1992-04-01,8.572,0.061
148,1992,5,1,13.2155483871,9.92477419355,1992-05-01,11.535,0.073
149,1992,6,1,12.1467666667,12.8085,1992-06-01,13.576,0.066
150,1992,7,1,10.3231290323,15.8944193548,1992-07-01,14.139,0.081
151,1992,8,1,7.92525806452,17.7270322581,1992-08-01,13.766,0.084
152,1992,9,1,7.4737,18.1472,1992-09-01,11.672,0.049
153,1992,10,1,9.31951612903,17.9339677419,1992-10-01,9.353,0.047
154,1992,11,1,11.3786666667,15.8955,1992-11-01,5.889,0.083
155,1992,12,1,13.4073870968,10.2057419355,1992-12-01,4.075,0.155
156,1993,1,1,14.8960645161,4.40938709677,1993-01-01,3.301,0.096
157,1993,2,1,15.6856428571,2.48217857143,1993-02-01,3.745,0.097
158,1993,3,1,15.8131612903,3.66819354839,1993-03-01,5.923,0.094
159,1993,4,1,15.0772,6.6516,1993-04-01,8.69,0.046
160,1993,5,1,13.3682258065,10.1037741935,1993-05-01,11.475,0.056
161,1993,6,1,11.8709,13.1471666667,1993-06-01,13.518,0.075
162,1993,7,1,9.47635483871,15.8548709677,1993-07-01,14.595,0.11
163,1993,8,1,7.335,17.4917741935,1993-08-01,13.835,0.065
164,1993,9,1,6.39666666667,18.5432,1993-09-01,11.93,0.102
165,1993,10,1,8.78612903226,18.1275483871,1993-10-01,9.614,0.064
166,1993,11,1,11.3187333333,16.0420666667,1993-11-01,5.738,0.09
167,1993,12,1,13.3189677419,9.93335483871,1993-12-01,4.035,0.081
168,1994,1,1,14.7297741935,4.96570967742,1994-01-01,3.024,0.063
169,1994,2,1,15.5618928571,3.19753571429,1994-02-01,2.81,0.105
170,1994,3,1,15.5536129032,4.54935483871,1994-03-01,5.731,0.071
171,1994,4,1,14.8880333333,7.22156666667,1994-04-01,9.018,0.044
172,1994,5,1,13.6243870968,10.408,1994-05-01,11.684,0.08
173,1994,6,1,12.0164,13.5601333333,1994-06-01,14.144,0.087
174,1994,7,1,9.92516129032,16.2959677419,1994-07-01,14.658,0.076
175,1994,8,1,7.63929032258,17.8395806452,1994-08-01,13.977,0.051
176,1994,9,1,7.1376,18.6126333333,1994-09-01,12.516,0.068
177,1994,10,1,8.91529032258,18.0900645161,1994-10-01,10.002,0.077
178,1994,11,1,11.1232,15.8804333333,1994-11-01,6.788,0.064
179,1994,12,1,13.2718709677,10.100516129,1994-12-01,4.113,0.065
180,1995,1,1,14.5863870968,5.636,1995-01-01,3.54,0.057
181,1995,2,1,15.2256785714,3.56078571429,1995-02-01,4.656,0.083
182,1995,3,1,15.2601612903,4.62641935484,1995-03-01,5.956,0.077
183,1995,4,1,14.4486,7.26763333333,1995-04-01,8.972,0.078
184,1995,5,1,12.9720645161,10.415483871,1995-05-01,11.57,0.063
185,1995,6,1,11.4404333333,13.2898666667,1995-06-01,14.164,0.088
186,1995,7,1,8.98709677419,15.7438709677,1995-07-01,15.116,0.079
187,1995,8,1,6.74435483871,17.7801935484,1995-08-01,14.636,0.088
188,1995,9,1,6.08013333333,18.3727333333,1995-09-01,12.565,0.087
189,1995,10,1,7.82893548387,18.0296451613,1995-10-01,10.106,0.086
190,1995,11,1,10.7608666667,15.6339333333,1995-11-01,6.761,0.087
191,1995,12,1,12.9208387097,10.6219032258,1995-12-01,4.123,0.044
192,1996,1,1,14.1808709677,5.87112903226,1996-01-01,2.862,0.088
193,1996,2,1,15.1548275862,2.9845862069,1996-02-01,4.012,0.118
194,1996,3,1,15.1228064516,4.18348387097,1996-03-01,5.524,0.085
195,1996,4,1,14.2158666667,7.27993333333,1996-04-01,8.679,0.073
196,1996,5,1,13.0945483871,10.9167419355,1996-05-01,11.588,0.106
197,1996,6,1,12.0838333333,13.8703666667,1996-06-01,13.681,0.091
198,1996,7,1,10.1642580645,16.1196774194,1996-07-01,14.827,0.097
199,1996,8,1,8.1804516129,17.7413870968,1996-08-01,14.603,0.073
200,1996,9,1,7.58253333333,18.6316,1996-09-01,12.294,0.053
201,1996,10,1,9.16096774194,17.9645483871,1996-10-01,9.525,0.097
202,1996,11,1,10.4017,15.7179,1996-11-01,6.547,0.078
203,1996,12,1,12.8612580645,9.65316129032,1996-12-01,4.325,0.058
204,1997,1,1,14.417483871,4.19725806452,1997-01-01,3.165,0.083
205,1997,2,1,15.4367142857,2.48953571429,1997-02-01,3.766,0.093
206,1997,3,1,15.467516129,3.45738709677,1997-03-01,6.012,0.139
207,1997,4,1,14.5630333333,6.49233333333,1997-04-01,8.891,0.054
208,1997,5,1,13.1771612903,10.1239677419,1997-05-01,11.593,0.072
209,1997,6,1,11.7383666667,13.1160333333,1997-06-01,14.131,0.066
210,1997,7,1,9.41083870968,15.9206774194,1997-07-01,14.565,0.132
211,1997,8,1,7.28503225806,17.6843548387,1997-08-01,14.256,0.091
212,1997,9,1,6.68633333333,18.5964333333,1997-09-01,12.685,0.105
213,1997,10,1,8.3365483871,17.9933870968,1997-10-01,10.109,0.07
214,1997,11,1,10.6841666667,15.7327666667,1997-11-01,6.841,0.096
215,1997,12,1,13.0761935484,10.2853870968,1997-12-01,4.417,0.062
216,1998,1,1,14.720516129,4.46490322581,1998-01-01,3.352,0.076
217,1998,2,1,15.7458214286,2.98957142857,1998-02-01,4.826,0.106
218,1998,3,1,15.5980967742,4.10748387097,1998-03-01,6.023,0.082
219,1998,4,1,14.8919333333,6.85383333333,1998-04-01,9.358,0.05
220,1998,5,1,13.5898387097,10.3284516129,1998-05-01,12.291,0.083
221,1998,6,1,11.7057,13.3132333333,1998-06-01,14.521,0.114
222,1998,7,1,9.41516129032,15.9626774194,1998-07-01,15.34,0.074
223,1998,8,1,7.50887096774,17.8813548387,1998-08-01,14.874,0.074
224,1998,9,1,6.53603333333,18.9035,1998-09-01,12.673,0.047
225,1998,10,1,8.45187096774,18.6604516129,1998-10-01,9.941,0.055
226,1998,11,1,10.4406,16.3004,1998-11-01,6.404,0.081
227,1998,12,1,12.7586451613,10.519483871,1998-12-01,4.669,0.045
228,1999,1,1,14.3593870968,4.81587096774,1999-01-01,3.544,0.07
229,1999,2,1,15.3089285714,2.966,1999-02-01,4.694,0.089
230,1999,3,1,15.3976774194,3.97777419355,1999-03-01,5.53,0.102
231,1999,4,1,15.0839,6.8918,1999-04-01,8.838,0.064
232,1999,5,1,13.7509677419,10.2653225806,1999-05-01,11.706,0.045
233,1999,6,1,11.7791666667,13.6488333333,1999-06-01,14.031,0.072
234,1999,7,1,9.48829032258,16.2816129032,1999-07-01,14.853,0.101
235,1999,8,1,7.22558064516,17.9579032258,1999-08-01,14.348,0.089
236,1999,9,1,6.11686666667,18.6963666667,1999-09-01,12.723,0.056
237,1999,10,1,8.60280645161,18.3521612903,1999-10-01,9.997,0.095
238,1999,11,1,10.7964666667,15.9646,1999-11-01,6.592,0.083
239,1999,12,1,12.6411935484,10.7220322581,1999-12-01,4.565,0.085
240,2000,1,1,14.2203548387,4.74887096774,2000-01-01,2.95,0.091
241,2000,2,1,15.1414827586,2.90651724138,2000-02-01,4.184,0.093
242,2000,3,1,15.2248387097,4.08587096774,2000-03-01,6.219,0.12
243,2000,4,1,14.5581666667,7.1323,2000-04-01,9.552,0.075
244,2000,5,1,13.1526774194,10.9205806452,2000-05-01,11.874,0.064
245,2000,6,1,11.6652333333,13.8927,2000-06-01,14.06,0.1
246,2000,7,1,9.513,16.0977419355,2000-07-01,14.848,0.12
247,2000,8,1,7.16832258065,18.2061290323,2000-08-01,14.519,0.086
248,2000,9,1,6.24606666667,18.8878333333,2000-09-01,12.547,0.058
249,2000,10,1,8.37941935484,18.130516129,2000-10-01,9.486,0.047
250,2000,11,1,10.3211,15.7576333333,2000-11-01,6.312,0.084
251,2000,12,1,12.6372580645,9.90970967742,2000-12-01,3.863,0.064
252,2001,1,1,14.2026129032,5.23309677419,2001-01-01,3.336,0.077
253,2001,2,1,15.2111428571,3.65035714286,2001-02-01,3.72,0.109
254,2001,3,1,15.5163225806,4.7314516129,2001-03-01,6.208,0.058
255,2001,4,1,14.8568333333,7.04426666667,2001-04-01,9.245,0.098
256,2001,5,1,13.5096129032,10.3299032258,2001-05-01,12.271,0.105
257,2001,6,1,11.4559333333,13.4180666667,2001-06-01,14.11,0.085
258,2001,7,1,9.07035483871,15.8518709677,2001-07-01,15.161,0.101
259,2001,8,1,7.46080645161,17.4227419355,2001-08-01,14.427,0.115
260,2001,9,1,6.73216666667,18.1749666667,2001-09-01,12.736,0.087
261,2001,10,1,8.29829032258,17.726,2001-10-01,9.935,0.073
262,2001,11,1,10.6578333333,15.6103,2001-11-01,7.319,0.086
263,2001,12,1,12.4907419355,10.3459032258,2001-12-01,4.507,0.055
264,2002,1,1,14.2726129032,4.73961290323,2002-01-01,4.026,0.065
265,2002,2,1,15.3423571429,2.96039285714,2002-02-01,4.704,0.078
266,2002,3,1,15.3489032258,3.74825806452,2002-03-01,6.772,0.034
267,2002,4,1,14.2994333333,6.32783333333,2002-04-01,9.229,0.049
268,2002,5,1,12.9706129032,9.5115483871,2002-05-01,12.248,0.081
269,2002,6,1,11.5834,12.3757666667,2002-06-01,14.084,0.052
270,2002,7,1,9.27416129032,15.4147096774,2002-07-01,15.354,0.077
271,2002,8,1,6.599,17.0666774194,2002-08-01,14.56,0.067
272,2002,9,1,5.82713333333,17.8873666667,2002-09-01,12.95,0.103
273,2002,10,1,8.16190322581,17.8657741935,2002-10-01,9.988,0.079
274,2002,11,1,10.3418666667,15.4058333333,2002-11-01,6.892,0.12
275,2002,12,1,12.6084516129,10.7854193548,2002-12-01,4.038,0.064
276,2003,1,1,14.3908387097,5.77270967742,2003-01-01,3.981,0.07
277,2003,2,1,15.1931428571,3.78857142857,2003-02-01,4.085,0.097
278,2003,3,1,15.4849032258,4.44435483871,2003-03-01,6.048,0.055
279,2003,4,1,14.5120666667,7.20826666667,2003-04-01,9.154,0.074
280,2003,5,1,13.0160645161,10.7358064516,2003-05-01,12.153,0.095
281,2003,6,1,11.6040333333,13.9853666667,2003-06-01,14.017,0.135
282,2003,7,1,9.21477419355,16.4019677419,2003-07-01,14.983,0.184
283,2003,8,1,6.93587096774,17.582483871,2003-08-01,14.691,0.089
284,2003,9,1,6.1161,18.2983,2003-09-01,12.911,0.067
285,2003,10,1,7.84829032258,18.198,2003-10-01,10.424,0.085
286,2003,11,1,10.1253333333,16.1095333333,2003-11-01,6.727,0.075
287,2003,12,1,12.5883548387,10.5635806452,2003-12-01,5.133,0.062
288,2004,1,1,14.0264193548,5.59051612903,2004-01-01,3.525,0.062
289,2004,2,1,14.9143793103,3.58355172414,2004-02-01,4.499,0.104
290,2004,3,1,14.9925806452,4.52619354839,2004-03-01,6.321,0.069
291,2004,4,1,13.9873333333,7.27976666667,2004-04-01,9.249,0.057
292,2004,5,1,12.5584193548,10.4700322581,2004-05-01,11.571,0.07
293,2004,6,1,11.4470666667,13.78,2004-06-01,13.889,0.097
294,2004,7,1,9.43135483871,16.332516129,2004-07-01,14.312,0.115
295,2004,8,1,6.85483870968,18.0100645161,2004-08-01,14.188,0.104
296,2004,9,1,5.9845,18.9192333333,2004-09-01,12.642,0.084
297,2004,10,1,7.92529032258,18.4569354839,2004-10-01,10.127,0.091
298,2004,11,1,10.3432666667,16.0848333333,2004-11-01,7.315,0.092
299,2004,12,1,12.5535806452,10.2289032258,2004-12-01,4.257,0.056
300,2005,1,1,13.6614516129,4.75183870968,2005-01-01,3.808,0.064
301,2005,2,1,14.3728571429,2.96960714286,2005-02-01,3.92,0.115
302,2005,3,1,14.6866129032,4.08161290323,2005-03-01,6.544,0.06
303,2005,4,1,14.0898333333,7.03196666667,2005-04-01,9.618,0.052
304,2005,5,1,12.9110967742,10.2888064516,2005-05-01,12.226,0.09
305,2005,6,1,11.1620333333,13.2915,2005-06-01,14.476,0.083
306,2005,7,1,8.64874193548,16.1578387097,2005-07-01,15.19,0.094
307,2005,8,1,6.30112903226,17.922483871,2005-08-01,14.51,0.078
308,2005,9,1,5.50376666667,18.8048,2005-09-01,13.217,0.08
309,2005,10,1,7.35196774194,18.4768064516,2005-10-01,10.601,0.064
310,2005,11,1,10.2163333333,16.3161666667,2005-11-01,7.423,0.068
311,2005,12,1,12.2276129032,9.68025806452,2005-12-01,4.878,0.054
312,2006,1,1,13.4655806452,4.1635483871,2006-01-01,3.286,0.064
313,2006,2,1,14.3249642857,2.65139285714,2006-02-01,4.43,0.118
314,2006,3,1,14.4209677419,3.21461290323,2006-03-01,6.329,0.077
315,2006,4,1,13.9058666667,6.0104,2006-04-01,9.055,0.089
316,2006,5,1,12.5173548387,9.45625806452,2006-05-01,11.786,0.092
317,2006,6,1,10.9195,13.3447666667,2006-06-01,14.443,0.093
318,2006,7,1,8.45983870968,16.1141290323,2006-07-01,15.042,0.116
319,2006,8,1,6.49561290323,18.0976451613,2006-08-01,14.913,0.107
320,2006,9,1,5.86243333333,19.0941,2006-09-01,12.875,0.104
321,2006,10,1,7.54109677419,18.7326129032,2006-10-01,10.289,0.077
322,2006,11,1,9.65873333333,16.2298333333,2006-11-01,6.955,0.078
323,2006,12,1,11.9546774194,9.85412903226,2006-12-01,4.987,0.065
324,2007,1,1,13.7030322581,4.67258064516,2007-01-01,4.579,0.059
325,2007,2,1,14.51325,2.90460714286,2007-02-01,4.221,0.077
326,2007,3,1,14.5420967742,3.83480645161,2007-03-01,6.485,0.113
327,2007,4,1,13.8452,6.41826666667,2007-04-01,9.823,0.109
328,2007,5,1,12.7796774194,9.64780645161,2007-05-01,12.518,0.07
329,2007,6,1,11.2200666667,13.2873,2007-06-01,14.309,0.072
330,2007,7,1,7.94283870968,15.9557741935,2007-07-01,15.23,0.115
331,2007,8,1,5.34232258065,17.6819032258,2007-08-01,14.752,0.113
332,2007,9,1,4.26726666667,18.8606333333,2007-09-01,12.93,0.102
333,2007,10,1,6.03970967742,18.5077419355,2007-10-01,10.332,0.1
334,2007,11,1,9.76016666667,15.8921333333,2007-11-01,7.084,0.085
335,2007,12,1,12.0339677419,11.980516129,2007-12-01,4.523,0.059
336,2008,1,1,13.8872580645,6.41370967742,2008-01-01,2.844,0.059
337,2008,2,1,14.9534482759,3.89451724138,2008-02-01,3.576,0.068
338,2008,3,1,15.1789032258,5.2844516129,2008-03-01,6.906,0.099
339,2008,4,1,14.3519333333,8.2423,2008-04-01,9.295,0.083
340,2008,5,1,12.974,11.0493548387,2008-05-01,12.054,0.071
341,2008,6,1,11.2083333333,14.0616666667,2008-06-01,14.145,0.097
342,2008,7,1,8.67793548387,16.0948387097,2008-07-01,15.174,0.072
343,2008,8,1,5.91306451613,17.644516129,2008-08-01,14.377,0.113
344,2008,9,1,4.68743333333,18.1450333333,2008-09-01,12.802,0.087
345,2008,10,1,7.34987096774,17.9939032258,2008-10-01,10.399,0.078
346,2008,11,1,10.3428666667,16.2481333333,2008-11-01,7.224,0.064
347,2008,12,1,12.358483871,11.5117419355,2008-12-01,4.385,0.056
348,2009,1,1,13.9137096774,5.70735483871,2009-01-01,3.687,0.078
349,2009,2,1,14.8115357143,2.99057142857,2009-02-01,4.094,0.083
350,2009,3,1,14.9836129032,4.44106451613,2009-03-01,6.086,0.058
351,2009,4,1,14.4956333333,7.7985,2009-04-01,9.367,0.084
352,2009,5,1,13.1867096774,10.9257419355,2009-05-01,12.112,0.104
353,2009,6,1,11.3202666667,13.9074666667,2009-06-01,14.201,0.074
354,2009,7,1,8.4654516129,16.2613225806,2009-07-01,15.231,0.148
355,2009,8,1,6.13574193548,18.0978064516,2009-08-01,14.655,0.109
356,2009,9,1,5.26163333333,18.9604666667,2009-09-01,13.153,0.05
357,2009,10,1,6.92032258065,18.2982258065,2009-10-01,10.136,0.075
358,2009,11,1,9.77173333333,15.8478333333,2009-11-01,7.031,0.087
359,2009,12,1,12.1998709677,10.7385483871,2009-12-01,4.31,0.081
360,2010,1,1,13.7390645161,4.95809677419,2010-01-01,3.737,0.079
361,2010,2,1,14.5814285714,3.1055,2010-02-01,4.399,0.08
362,2010,3,1,15.1367096774,3.84674193548,2010-03-01,6.738,0.057
363,2010,4,1,14.6587333333,6.71543333333,2010-04-01,9.671,0.087
364,2010,5,1,12.8660967742,10.6392580645,2010-05-01,12.406,0.078
365,2010,6,1,10.5851,14.4102,2010-06-01,14.421,0.086
366,2010,7,1,8.07467741935,16.9213225806,2010-07-01,15.213,0.09
367,2010,8,1,5.87490322581,18.6070645161,2010-08-01,14.768,0.112
368,2010,9,1,4.86506666667,18.7986,2010-09-01,12.863,0.065
369,2010,10,1,6.98390322581,18.6483225806,2010-10-01,10.442,0.07
370,2010,11,1,9.61396666667,16.7549,2010-11-01,7.487,0.102
371,2010,12,1,11.8308387097,11.2711612903,2010-12-01,4.292,0.095
372,2011,1,1,13.4639677419,4.51170967742,2011-01-01,3.282,0.082
373,2011,2,1,14.3630357143,2.51907142857,2011-02-01,3.743,0.067
374,2011,3,1,14.546516129,3.36783870968,2011-03-01,6.101,0.064
375,2011,4,1,14.1078,6.0966,2011-04-01,9.483,0.046
376,2011,5,1,12.6807741935,10.0927419355,2011-05-01,11.986,0.056
377,2011,6,1,10.7486666667,13.3333,2011-06-01,14.37,0.082
378,2011,7,1,7.72438709677,15.7525483871,2011-07-01,15.482,0.113
379,2011,8,1,5.5024516129,17.8054516129,2011-08-01,15.012,0.091
380,2011,9,1,4.56133333333,18.7392333333,2011-09-01,12.912,0.083
381,2011,10,1,6.4645483871,18.218483871,2011-10-01,10.352,0.087
382,2011,11,1,9.7718,15.7573666667,2011-11-01,6.814,0.107
383,2011,12,1,12.1535806452,11.1989677419,2011-12-01,4.655,0.106
384,2012,1,1,13.7294193548,5.65387096774,2012-01-01,3.157,0.085
385,2012,2,1,14.5533448276,3.55324137931,2012-02-01,3.628,0.102
386,2012,3,1,15.1962580645,4.55025806452,2012-03-01,6.023,0.054
387,2012,4,1,14.6257666667,7.30923333333,2012-04-01,9.676,0.055
388,2012,5,1,13.0118064516,10.457,2012-05-01,12.59,0.109
389,2012,6,1,10.6745333333,13.5466666667,2012-06-01,14.492,0.078
390,2012,7,1,7.67177419355,16.298,2012-07-01,15.076,0.076
391,2012,8,1,4.72329032258,18.0969677419,2012-08-01,14.72,0.069
392,2012,9,1,3.5656,19.2078333333,2012-09-01,13.04,0.069
393,2012,10,1,5.88587096774,18.5938709677,2012-10-01,10.428,0.098
394,2012,11,1,9.38796666667,16.1099333333,2012-11-01,7.156,0.116
395,2012,12,1,12.0063870968,10.3942258065,2012-12-01,4.102,0.09
396,2013,1,1,13.7026451613,5.54329032258,2013-01-01,3.685,0.097
397,2013,2,1,14.7235357143,3.83642857143,2013-02-01,4.222,0.093
398,2013,3,1,15.0320322581,5.01738709677,2013-03-01,6.261,0.09
399,2013,4,1,14.2987333333,7.62263333333,2013-04-01,9.044,0.098
400,2013,5,1,12.9972580645,10.9197419355,2013-05-01,12.195,0.104
401,2013,6,1,11.3601333333,14.1548333333,2013-06-01,14.568,0.09
402,2013,7,1,8.13167741935,16.8085483871,2013-07-01,15.003,0.126
403,2013,8,1,6.01351612903,18.6637741935,2013-08-01,14.742,0.129
404,2013,9,1,5.20826666667,19.3886666667,2013-09-01,13.154,0.104
405,2013,10,1,7.45483870968,19.0177741935,2013-10-01,10.256,0.077
406,2013,11,1,9.93903333333,16.8721666667,2013-11-01,7.424,0.079
407,2013,12,1,12.1842580645,11.8535806452,2013-12-01,4.724,0.085
408,2014,1,1,13.647483871,6.32680645161,2014-01-01,3.732,0.075
409,2014,2,1,14.4175714286,3.843,2014-02-01,3.5,0.068
410,2014,3,1,14.757516129,4.90151612903,2014-03-01,6.378,0.098
411,2014,4,1,14.0878666667,8.343,2014-04-01,9.589,0.111
412,2014,5,1,12.7007096774,11.5193548387,2014-05-01,12.582,0.068
413,2014,6,1,11.0326,14.6866666667,2014-06-01,14.335,0.096
414,2014,7,1,8.1084516129,17.1057419355,2014-07-01,14.873,0.078
415,2014,8,1,6.07787096774,18.9079677419,2014-08-01,14.875,0.115
416,2014,9,1,5.21993333333,19.7564,2014-09-01,13.091,0.086
417,2014,10,1,7.2324516129,19.0028064516,2014-10-01,10.33,0.076
418,2014,11,1,10.1146,16.3877666667,2014-11-01,6.713,0.121
419,2014,12,1,12.3525806452,11.9282903226,2014-12-01,4.85,0.09
420,2015,1,1,13.6023225806,6.85187096774,2015-01-01,3.881,0.13
421,2015,2,1,14.4006428571,3.79892857143,2015-02-01,4.664,0.121
422,2015,3,1,14.370516129,4.96425806452,2015-03-01,6.74,0.06
423,2015,4,1,13.8931666667,8.3732,2015-04-01,9.313,0.088
424,2015,5,1,12.4680967742,11.7161290323,2015-05-01,12.312,0.081
425,2015,6,1,10.8789,14.4749,2015-06-01,14.505,0.068
426,2015,7,1,8.37787096774,16.7752258065,2015-07-01,15.051,0.086
427,2015,8,1,5.59874193548,17.7493548387,2015-08-01,14.755,0.072
428,2015,9,1,4.61576666667,18.444,2015-09-01,12.999,0.079
429,2015,10,1,6.96622580645,18.4092580645,2015-10-01,10.801,0.102
430,2015,11,1,9.84616666667,16.1751,2015-11-01,7.433,0.119
431,2015,12,1,12.0447741935,10.6552258065,2015-12-01,5.518,0.1
